Title,Company,Location,Link
Tech Lead FS - NodeJs / React / RN Developer Required for Realtime Application,Rekordio,No office location,https://stackoverflow.com/jobs/371868
Software engineer,CGI IT UK LTD,"Milton Keynes, UK",https://stackoverflow.com/jobs/359062
SC Cleared Software Engineer (Java),CGI IT UK LTD,"Leatherhead, UK",https://stackoverflow.com/jobs/356201
Software Developer,CGI IT UK LTD,"Liverpool, UK",https://stackoverflow.com/jobs/357270
Software Engineer - Full Stack,Hyperia,"Denver, CO",https://stackoverflow.com/jobs/392992
Urgent Requirement For PHP DEVELOPER,CLUDO Technology Consultants LLP,"Kolkata, India",https://stackoverflow.com/jobs/362288
Software Engineer,CGI IT UK LTD,"London, UK",https://stackoverflow.com/jobs/359061
Web Developer for eCommerce (1 to 2 years experience),Innovative Fusion,"Pune, India",https://stackoverflow.com/jobs/328058
Excellent opportunity for Software Developer Profile,DirectUs Hr Services,"Mumbai, India",https://stackoverflow.com/jobs/386422
PHP Developer,LassoART Designs,"Indore, India",https://stackoverflow.com/jobs/377811
PHP Developer,Hair Fair,"Kochi, India",https://stackoverflow.com/jobs/392147
Software Engineer (PHP),Medicosa,"Noida, India",https://stackoverflow.com/jobs/326415
PHP Developers,Gavin Technologies,"Bengaluru, India",https://stackoverflow.com/jobs/385146
Dot Net Developer,YAN IT Solutions,"Pune, India",https://stackoverflow.com/jobs/322483
Senior Full Stack Developer,Documate,"Los Angeles, CA",https://stackoverflow.com/jobs/330144
Job opening for Web Designer,Seven Mentor,"Pune, India",https://stackoverflow.com/jobs/392208
Seeking Founding Level CTO - React/Node/ReactNative/Swift/Kotlin/Realtime/DSP,Rekordio,No office location,https://stackoverflow.com/jobs/372213
PHP Developer,Ratiocinative Solutions,"Sahibzada Ajit Singh Nagar, India",https://stackoverflow.com/jobs/380808
長期/交通費全額/PHP/受発注システム開発業務(SE),株式会社エーティーエス,"Osaka, Japan",https://stackoverflow.com/jobs/392941
Senior Full-Stack Developer Javascript (m/f/d),e-bot7 GmbH,"München, Germany",https://stackoverflow.com/jobs/375390
Lead PHP Developer,TechChefs Software,"Bengaluru, India",https://stackoverflow.com/jobs/387655
Software Developer,TE - Talent Exponent,"Bengaluru, India",https://stackoverflow.com/jobs/387661
Webデザイナー,ドリームネットデザイン株式会社,"Kobe, Japan",https://stackoverflow.com/jobs/388377
Senior PHP Developer,TecManic,"Noida, India",https://stackoverflow.com/jobs/392384
Product Engineer (Backend) - Python,Egnify Technologies,"Hyderabad, India",https://stackoverflow.com/jobs/352863
Senior Front End Developer,Orchard Marketing,"Pyrmont, Australia",https://stackoverflow.com/jobs/362978
Product Engineer (Backend) - Python,Egnify Technologies,"Hyderabad, India",https://stackoverflow.com/jobs/352863
Software Developer- PHP,Atwesh solution,"Indore, India",https://stackoverflow.com/jobs/325657
PHP Developer,Data Cross Solution,"Ahmedabad, India",https://stackoverflow.com/jobs/329480
Senior PHP software developer,Senet,"Eindhoven, Netherlands",https://stackoverflow.com/jobs/370738
Software Developer,Star CRM,"Bengaluru, India",https://stackoverflow.com/jobs/386556
"WEB DEVELOPERS, WEB DESIGNER, BUSINESS SUPPORT EXECUTIVES, TELECALLERS, MARKETING",Milestone Consulting Group,"Lucknow, India",https://stackoverflow.com/jobs/322898
Backend Developer,Shiras HR Advisory & Services,"Bengaluru, India",https://stackoverflow.com/jobs/374692
Sr Software Engineer Backend,eBay,"Netanya, Israel",https://stackoverflow.com/jobs/387947
Web Developer,Creative Thoughts Informatics,"Indore, India",https://stackoverflow.com/jobs/378416
"Hiring Ionic Developer at Ahmedabad, Gujarat with KCST IT Global",KRISH COMPUSOFT SERVICES PVT. LTD,"Ahmedabad, India",https://stackoverflow.com/jobs/387609
Senior Software Engineer - Full Stack,eBay,"Netanya, Israel",https://stackoverflow.com/jobs/387946
PHP Developer,Bangalore Base Company,"Bengaluru, India",https://stackoverflow.com/jobs/324570
PHP DEVELOPER,SSNVentures,"Noida, India",https://stackoverflow.com/jobs/326360
PHP Developer,Alliance Web Solution,"Noida, India",https://stackoverflow.com/jobs/326285
Web Developer for Ecommerce,Navkar Dreamsoft,"Pune, India",https://stackoverflow.com/jobs/388134
Sr.PHP Developer,TALENT MAX HR & MANAGEMENT CONSULTANTS,"Indore, India",https://stackoverflow.com/jobs/325754
Mid-Level Backend Software Engineer (Python / Django),Tivix,"Wrocław, Poland",https://stackoverflow.com/jobs/347101
Senior Full-Stack Developer,Digia,"Helsinki, Finland",https://stackoverflow.com/jobs/379606
Game Designer,PeopleFun,"Richardson, TX",https://stackoverflow.com/jobs/370190
PHP Developer,Jobhub,"Kochi, India",https://stackoverflow.com/jobs/392154
大手 交通費支給/バックエンドエンジニア募集(Python),株式会社エーティーエス,"Kobe, Japan",https://stackoverflow.com/jobs/376049
Manager of Software Development - SaaS Products,NAVIS,"Bend, OR",https://stackoverflow.com/jobs/334074
Senior Web Developer,Salus Technologies,"Pune, India",https://stackoverflow.com/jobs/388789
Php Developer,IT Craftsmen Pvt,"Noida, India",https://stackoverflow.com/jobs/326353
AWS Architect / Consultant: Flexible hours & remote work (UK only),The Scale Factory,"London, UK",https://stackoverflow.com/jobs/121655
Senior Web Developer,Salus Technologies,"Pune, India",https://stackoverflow.com/jobs/388789
Wordpress Developer,Leadingdots Solutions Pvt.Ltd.,"Noida, India",https://stackoverflow.com/jobs/392421
Senior Full-Stack Developer,Digia,"Tampere, Finland",https://stackoverflow.com/jobs/379605
Full Stack Developer,Viral Brand Services,"Pune, India",https://stackoverflow.com/jobs/387474
CM放映中 ブランクある方も相談OK 電子書籍サイトの改修,株式会社エーティーエス,"Osaka, Japan",https://stackoverflow.com/jobs/392915
Software Developer (m/f/i) with a Focus on Automated CT Inspection,Volume Graphics GmbH,"Heidelberg, Germany",https://stackoverflow.com/jobs/270152
"Backend Software Engineer – Go, Python and/or Scala",Green Man Gaming Limited,"London, UK",https://stackoverflow.com/jobs/391791
シフト制/長期 大手/交通費全額/ミドルウェア製品サポート,株式会社エーティーエス,"Kawasaki, Japan",https://stackoverflow.com/jobs/391778
Senior Ruby Developer,Managed Platform,"Surry Hills, Australia",https://stackoverflow.com/jobs/347797
Fresher PHP Developer,White Orange Software,"Surat, India",https://stackoverflow.com/jobs/392100
Php Developer,AD Worldwide-Tech,"Noida, India",https://stackoverflow.com/jobs/326352
Sr. PHP Fullstack Developer (2-4 Yrs exp),Airo Global Software Pvt Ltd,"Kochi, India",https://stackoverflow.com/jobs/392175
"Scala Developer To Work on Articles (remote, part-time)",Baeldung,No office location,https://stackoverflow.com/jobs/350887
調剤薬局向け/新大阪駅 即日~長期/JavaのSE募集,株式会社エーティーエス,"Osaka, Japan",https://stackoverflow.com/jobs/389007
"Work on Computer Science focused Articles (remote, part-time)",Baeldung,No office location,https://stackoverflow.com/jobs/351111
Backend Software Engineer (Python / Django),Tivix,"London, UK",https://stackoverflow.com/jobs/347102
高時給 即日/Java/オンラインショッピングシステム開発,株式会社エーティーエス,"Minato City, Japan",https://stackoverflow.com/jobs/387309
2名募集 即日/Java/貸金サービス構築展開プロジェクト,株式会社エーティーエス,"Minato City, Japan",https://stackoverflow.com/jobs/386683
即日開始/交通費全額支給 セキュリティ監視システム開発,株式会社エーティーエス,"Osaka, Japan",https://stackoverflow.com/jobs/379460
"時給3,100円 即日 Java/会員サイトリニューアル",株式会社エーティーエス,"Shinjuku City, Japan",https://stackoverflow.com/jobs/383677
Wordpress Developer,Leadingdots Solutions Pvt.Ltd.,"Noida, India",https://stackoverflow.com/jobs/392420
PHP Developer,Zoom Infotech,"Chandigarh, India",https://stackoverflow.com/jobs/349309
Senior Software Engineer,Ascension,"Chicago, IL",https://stackoverflow.com/jobs/386133
SI企業が使用する物件管理システム開発,株式会社エーティーエス,"Nagoya, Japan",https://stackoverflow.com/jobs/317713
"Senior Full Stack Software Engineer (Typescript, Node.js, React, AWS)",H4,"London, UK",https://stackoverflow.com/jobs/304003
PHP Developer,Admodes Limited,"Noida, India",https://stackoverflow.com/jobs/374015
即日~/交通費全額/Java/給与・人事系システムの改修,株式会社エーティーエス,"Kobe, Japan",https://stackoverflow.com/jobs/375612
Full-Stack Software Developer,Ascension,"Austin, TX",https://stackoverflow.com/jobs/355865
PHP Developers,Vesture Softech,"Hyderabad, India",https://stackoverflow.com/jobs/323516
PHP Developer,DK Intellectual Services,"Chennai, India",https://stackoverflow.com/jobs/392118
Senior Software Quality Assurance (QA Engineer),Brains & Machines Innovative Solutions,"Hyderabad, India",https://stackoverflow.com/jobs/358107
Real-Time Ethernet / PROFINET Software Engineer (m/w),duagon AG,"Dietikon, Schweiz",https://stackoverflow.com/jobs/355748
C/C++ Windows Developers (1-4 years),Vedams Software Solutions India,"Hyderabad, India",https://stackoverflow.com/jobs/322816
Senior Software Engineer (Remote),Web Summit,"Dublin, Ireland",https://stackoverflow.com/jobs/162807
Backend Developer,Ascension,"Chicago, IL",https://stackoverflow.com/jobs/386134
Frontend Developer,Mindvalley,"Kuala Lumpur, Malaysia",https://stackoverflow.com/jobs/390879
Frontend Engineer with an Eye for Quality (m/f/d),sgalinski,No office location,https://stackoverflow.com/jobs/283027
PHP (Codeigniter) Developer,Module Informatics,"Noida, India",https://stackoverflow.com/jobs/358650
Scala Backend Engineer,ZIVVER,"Amsterdam, Netherlands",https://stackoverflow.com/jobs/387193
PHP Developer,workfreaks.in,,https://stackoverflow.com/jobs/389473
Senior PHP Developer,QualSights India Private Limited,"Chandigarh, India",https://stackoverflow.com/jobs/388800
Front End Developer,Ascension,"Chicago, IL",https://stackoverflow.com/jobs/390745
勢いのある企業 駅近/PHP/自社サービスの開発・保守,株式会社エーティーエス,"Osaka, Japan",https://stackoverflow.com/jobs/389063
Wordpress Developer,DirectUs Hr Services,"Mumbai, India",https://stackoverflow.com/jobs/383168
即日~ 3名 JavaScript/ブラウザアプリ開発,株式会社エーティーエス,"Yokohama, Japan",https://stackoverflow.com/jobs/392552
"Senior Full Stack Software Engineer (Typescript, Node.js, React, AWS)",H4,"Skopje, North Macedonia",https://stackoverflow.com/jobs/304006
駅直結 交通費全額支給/Java・JavaScript開発,株式会社エーティーエス,"Yokohama, Japan",https://stackoverflow.com/jobs/391764
PHP Developer Trainee,AxisTechnoLab,"Ahmedabad, India",https://stackoverflow.com/jobs/329706
PHP Developer,Think Biz Solutions,"Noida, India",https://stackoverflow.com/jobs/326295
"Senior Full Stack Software Engineer (Typescript, Node.js, React, AWS)",H4,"London, UK",https://stackoverflow.com/jobs/304003
Dozent/in für Visualisieren & Interaction Design,Fachhochschule Graubünden,"Chur, Schweiz",https://stackoverflow.com/jobs/392594
PHP Developer,Think Biz Solutions,"Noida, India",https://stackoverflow.com/jobs/326295
Magento CORE PHP Developer,Aroham Technologies,"Ghaziabad, India",https://stackoverflow.com/jobs/344500
.net Application Developer(0-3yrs),Ieverware,"Hyderabad, India",https://stackoverflow.com/jobs/344788
Drupal Developer,Quad One,"Hyderabad, India",https://stackoverflow.com/jobs/372059
Software Developer Engineer Test (SDET),Ascension,"Chicago, IL",https://stackoverflow.com/jobs/392985
Web Developer PHP,Arbutus Infotech,"Indore, India",https://stackoverflow.com/jobs/378394
UI & UX Developer,Religate Technologies,"Hyderabad, India",https://stackoverflow.com/jobs/326694
SDNクラウドサービス開発システムエンジニア・プログラマ,株式会社シティキャリアサービス,"Fukuoka, Japan",https://stackoverflow.com/jobs/386171
UI (Front-end) Developer,zoojoo.be,"Bengaluru, India",https://stackoverflow.com/jobs/352213
Software Engineer/Architect,Daugherty Business Solutions,"Minneapolis, MN",https://stackoverflow.com/jobs/242494
メーカー向け、フロントエンド開発業務,株式会社エーティーエス,"Osaka, Japan",https://stackoverflow.com/jobs/345774
試験項目選定システムのWeb化業務,株式会社エーティーエス,"Chuo City, Japan",https://stackoverflow.com/jobs/382380
淀屋橋/長期/随時募集/PM・SE経験の技術者募集,株式会社エーティーエス,"Osaka, Japan",https://stackoverflow.com/jobs/382937
バックエンドアプリ開発,株式会社エーティーエス,"Kyoto, Japan",https://stackoverflow.com/jobs/332304
PHP Developers,Pnestec Systems,"Indore, India",https://stackoverflow.com/jobs/325687
QA Automation Engineer - Backend,Payconiq,"Amsterdam, Netherlands",https://stackoverflow.com/jobs/350751
Test Analyst,CGI IT UK LTD,"Bristol, UK",https://stackoverflow.com/jobs/355686
"時給3,100円 即日/交通費/Webポータルサイト開発",株式会社エーティーエス,"Chuo City, Japan",https://stackoverflow.com/jobs/376055
3名募集 即日 交通費全額/通信系システム開発(Java),株式会社エーティーエス,"Yokohama, Japan",https://stackoverflow.com/jobs/386599
長期/交通費支給 通販ECサイト改修のお仕事,株式会社エーティーエス,"Nagoya, Japan",https://stackoverflow.com/jobs/387298
長期 交通費支給/通販コールセンター情報管理システム開発,株式会社エーティーエス,"Nagoya, Japan",https://stackoverflow.com/jobs/387299
税務相談業務システム開発プログラマ,株式会社シティキャリアサービス,"Fukuoka, Japan",https://stackoverflow.com/jobs/386274
Ausbildung Fachinformatiker/in für Anwendungsentwicklung 2020 [m/w/d],aicovo gmbh,"Rosenheim, Deutschland",https://stackoverflow.com/jobs/381697
Software Developer (Full-Stack),Ascension,"St. Louis, MO",https://stackoverflow.com/jobs/388668
2名 即日/交通費/Java/Webアプリケーション開発,株式会社エーティーエス,"Minato City, Japan",https://stackoverflow.com/jobs/387791
Software Support Engineer,"CliniComp, Intl.","San Diego, CA",https://stackoverflow.com/jobs/388333
淀屋橋/長期/随時募集/PM・SE経験の技術者募集,株式会社エーティーエス,"Osaka, Japan",https://stackoverflow.com/jobs/382937
6月開始 大手/交通費全額支給/求人サイト開発(Java),株式会社エーティーエス,"Oita, Japan",https://stackoverflow.com/jobs/387039
複数名 即日スタート/交通費/Salesforce保守業務,株式会社エーティーエス,"Minato City, Japan",https://stackoverflow.com/jobs/393420
PHP Developer Job,AxisTechnoLab,"Ahmedabad, India",https://stackoverflow.com/jobs/329739
PHP Developer,Ink Graph Techno,"Indore, India",https://stackoverflow.com/jobs/325594
3名募集 即日/Salesforce/公共系システムの開発,株式会社エーティーエス,"Minato City, Japan",https://stackoverflow.com/jobs/387683
PHP Developer,Broadway Infotech,"Noida, India",https://stackoverflow.com/jobs/326357
PHP Team Leaders,Pnestec Systems,"Indore, India",https://stackoverflow.com/jobs/325770
Senior PHP (Laravel) Developer in Hyderabad,smart4talent,"Hyderabad, India",https://stackoverflow.com/jobs/370321
Software Development,Talent Zone Consultants,"Bengaluru, India",https://stackoverflow.com/jobs/331429
PHP Developer / Programmer,Simplihire,"Ahmedabad, India",https://stackoverflow.com/jobs/381091
Senior Fullstack Web Developer,Sellics Marketplace Analytics,"Berlin, Germany",https://stackoverflow.com/jobs/353244
Lead Frontend Engineer,Web Summit,"Dublin, Ireland",https://stackoverflow.com/jobs/289346
製品開発,オーバルテクノロジー株式会社,"Chiyoda City, Japan",https://stackoverflow.com/jobs/393162
Lead Cloud Operations Engineer,Lime,"Lund, Sweden",https://stackoverflow.com/jobs/375369
Senior PHP Developer,WHITEFONT TECHNOLOGIES,"Chennai, India",https://stackoverflow.com/jobs/382848
Process Expert – Purchase to Pay (XML and Dot Net),Siemens AG,"Bengaluru, India",https://stackoverflow.com/jobs/392727
Application Engineer / Architect (m/w),duagon AG,"Dietikon, Schweiz",https://stackoverflow.com/jobs/355765
Javaプログラマー,株式会社エーティーエス,"Nagoya, Japan",https://stackoverflow.com/jobs/376239
Python Engineer (m/f/d),e-bot7 GmbH,"München, Germany",https://stackoverflow.com/jobs/375389
Web店舗向けサービス機能開発,株式会社エーティーエス,"Setagaya City, Japan",https://stackoverflow.com/jobs/365881
Jr. PHP Developer,Twin Labs,"Chandigarh, India",https://stackoverflow.com/jobs/386567
Software Developer (Full-Stack),Ascension,"St. Louis, MO",https://stackoverflow.com/jobs/373869
製品開発,オーバルテクノロジー株式会社,"Chiyoda City, Japan",https://stackoverflow.com/jobs/393162
Software Developer (Full-Stack),Ascension,"St. Louis, MO",https://stackoverflow.com/jobs/388668
Python Engineer (m/f/d),e-bot7 GmbH,"München, Germany",https://stackoverflow.com/jobs/375389
Process Expert – Purchase to Pay (XML and Dot Net),Siemens AG,"Bengaluru, India",https://stackoverflow.com/jobs/392727
"Senior Backend Developer / Architect - PHP, MySQL, Java, C (f/m/d)",AddApptr GmbH,"Hamburg, Germany",https://stackoverflow.com/jobs/271968
Web店舗向けサービス機能開発,株式会社エーティーエス,"Setagaya City, Japan",https://stackoverflow.com/jobs/365881
WordPress Developer,ChromeInfotech,"Noida, India",https://stackoverflow.com/jobs/384525
PHP Developer,BC Web Wise,"Mumbai, India",https://stackoverflow.com/jobs/323706
Software Quality Assurance Analyst,ProcessUnity,"Concord, MA",https://stackoverflow.com/jobs/304336
Experienced Php Developer,Webkeon Technologies,"New Delhi, India",https://stackoverflow.com/jobs/339999
Software Developer (m/f/d) Ruby on Rails,KWS Berlin GmbH,"Einbeck, Germany",https://stackoverflow.com/jobs/376801
フロントエンジニア募集,株式会社エーティーエス,"Setagaya City, Japan",https://stackoverflow.com/jobs/318676
高時給 交通費/Java/フレームワーク共通部品の改修業務,株式会社エーティーエス,"Koto City, Japan",https://stackoverflow.com/jobs/393414
長期/メディア企業/交通費全額/フロントエンドエンジニア,株式会社エーティーエス,"Osaka, Japan",https://stackoverflow.com/jobs/392914
複数名 即日/交通費/Java/オープン系アプリの追加開発,株式会社エーティーエス,"Itabashi City, Japan",https://stackoverflow.com/jobs/393407
Developer in Radio Software,Ericsson,"Stockholm, Sweden",https://stackoverflow.com/jobs/389814
Artificial Intelligence Engineer,Swiss Base Company,"Bengaluru, India",https://stackoverflow.com/jobs/346952
Senior php Web Developer,THINK TECHNOLOGY SERVICES,"Mumbai, India",https://stackoverflow.com/jobs/338679
PHP Developer,2Hats Logic Solutions,"Kochi, India",https://stackoverflow.com/jobs/373095
"時給3,000円 2名/即日開始/銀行向けRPA自動化対応",株式会社エーティーエス,"Chiyoda City, Japan",https://stackoverflow.com/jobs/378822
WordPress Developer,IMarks,"Hyderabad, India",https://stackoverflow.com/jobs/372081
即日/交通費/Java/既存アプリのバージョンアップ対応,株式会社エーティーエス,"Itabashi City, Japan",https://stackoverflow.com/jobs/393409
Software Developer (Full-Stack),Ascension,"St. Louis, MO",https://stackoverflow.com/jobs/373870
Javascript Developer (Vue.js / Node.js),Lucky Orange LLC,"Overland Park, KS",https://stackoverflow.com/jobs/374387
Senior Android Developer (Remote) - Immediate start,Web Summit,No office location,https://stackoverflow.com/jobs/347545
PHP Developer,Knct Lab,"Bengaluru, India",https://stackoverflow.com/jobs/324671
Medior software developer in het team Cloud Services,Avisi B.V.,"Arnhem, Netherlands",https://stackoverflow.com/jobs/372489
Developer in Radio Software,Ericsson,"Stockholm, Sweden",https://stackoverflow.com/jobs/389814
Senior Software (Backend) Developer,Ascension,"Chicago, IL",https://stackoverflow.com/jobs/376570
Java Developer (0-1yrs),Ieverware,"Hyderabad, India",https://stackoverflow.com/jobs/373774
Artificial Intelligence Engineer,Swiss Base Company,"Bengaluru, India",https://stackoverflow.com/jobs/346952
PHP Developer,2Hats Logic Solutions,"Kochi, India",https://stackoverflow.com/jobs/373095
Senior PHP Web Developer,Aarna IT Solutions Pvt. Ltd.,"Kolkata, India",https://stackoverflow.com/jobs/327070
Senior iOS Developer,Digia,"Tampere, Finland",https://stackoverflow.com/jobs/383520
Senior PHP Developer,Peritus Infotech Solutions,"Noida, India",https://stackoverflow.com/jobs/378071
PHP Developer,Galaxy Weblinks,"Indore, India",https://stackoverflow.com/jobs/325622
即日スタート/交通費全額支給 ツール運用・開発業務,株式会社エーティーエス,"Osaka, Japan",https://stackoverflow.com/jobs/363292
百貨店向け伝票電子化対応,株式会社エーティーエス,"Chuo City, Japan",https://stackoverflow.com/jobs/376359
アプリ開発・運用業務,株式会社エーティーエス,"Setagaya City, Japan",https://stackoverflow.com/jobs/364679
Urgently Required PHP Developer,Aiderpro Technologies,"Kochi, India",https://stackoverflow.com/jobs/323909
PHP/WORDPRESS DEVELOPER,UMZ Technologies.com,"Kolkata, India",https://stackoverflow.com/jobs/378442
DevOps Engineer (AWS & Linux),TechChefs Software,"Bengaluru, India",https://stackoverflow.com/jobs/338873
Senior iOS Developer,Digia,"Helsinki, Finland",https://stackoverflow.com/jobs/383519
Website Developer,Sai Sparsh,"Thane, India",https://stackoverflow.com/jobs/386384
Web系エンジニア,トライアロー株式会社,"Sendai, Japan",https://stackoverflow.com/jobs/344945
時給3300円 即日/交通費/開発、運用に伴うPM支援業務,株式会社エーティーエス,"Chuo City, Japan",https://stackoverflow.com/jobs/388477
Jr. WordPress Developer,ALLINDIA,"Kolkata, India",https://stackoverflow.com/jobs/379560
即日 交通費/Python/広告配信AIインフラ基盤構築,株式会社エーティーエス,"Shinagawa City, Japan",https://stackoverflow.com/jobs/393120
アプリ開発・運用・改善,株式会社エーティーエス,"Setagaya City, Japan",https://stackoverflow.com/jobs/318644
Android Mobile Software Developer,Ascension,"Austin, TX",https://stackoverflow.com/jobs/388304
時給3300円 即日/交通費/開発、運用に伴うPM支援業務,株式会社エーティーエス,"Chuo City, Japan",https://stackoverflow.com/jobs/388477
Website Developer,Sai Sparsh,"Thane, India",https://stackoverflow.com/jobs/386384
即日 交通費/Python/広告配信AIインフラ基盤構築,株式会社エーティーエス,"Shinagawa City, Japan",https://stackoverflow.com/jobs/393120
Urgently Required PHP Developer,Aiderpro Technologies,"Kochi, India",https://stackoverflow.com/jobs/323909
ERP Integration Leader,vaēso,"Chennai, India",https://stackoverflow.com/jobs/351791
アプリ開発・運用・改善,株式会社エーティーエス,"Setagaya City, Japan",https://stackoverflow.com/jobs/318644
製造業向けシステム開発(PG),株式会社エーティーエス,"Nagoya, Japan",https://stackoverflow.com/jobs/310427
PHP Developer / Plugin Developer,Plugin Network,"Bengaluru, India",https://stackoverflow.com/jobs/392235
Magento Developer,WebIndia Inc.,"Ahmedabad, India",https://stackoverflow.com/jobs/385085
システム開発プロジェクトリーダー,株式会社エーティーエス,"Nagoya, Japan",https://stackoverflow.com/jobs/310460
Jr. WordPress Developer,ALLINDIA,"Kolkata, India",https://stackoverflow.com/jobs/379560
システム開発,マンパワーグループ株式会社,"Fukuoka, Japan",https://stackoverflow.com/jobs/381558
System- and Database-Administrator (f/m/d),AddApptr GmbH,"Hamburg, Germany",https://stackoverflow.com/jobs/272132
Senior Full Stack / Java Developer,Topic Embedded Systems B.V.,"Eindhoven, Netherlands",https://stackoverflow.com/jobs/335807
IOS Mobile Software Developer,Ascension,"Austin, TX",https://stackoverflow.com/jobs/388305
.Net Developer,TechChefs Software,"Bengaluru, India",https://stackoverflow.com/jobs/392304
TYPO3 Web Developer (m/f/d),sgalinski,No office location,https://stackoverflow.com/jobs/283033
Quality-Conscious PHP Developer in an Agile Company (m/f/d),sgalinski,No office location,https://stackoverflow.com/jobs/283029
"時給3,500円 2名/即日/交通費/リファクタリング業務",株式会社エーティーエス,"Minato City, Japan",https://stackoverflow.com/jobs/384956
Sr. PHP Developer (2-4 years),forstaffing india,"Noida, India",https://stackoverflow.com/jobs/384511
6月 交通費/Java/店舗システム刷新対応(サーバサイド),株式会社エーティーエス,"千代田区, Japan",https://stackoverflow.com/jobs/393155
PHP Developer,Placement Planet,"Ahmedabad, India",https://stackoverflow.com/jobs/385417
即日スタート/交通費全額支給/仮想化環境の運用維持管理業務,株式会社エーティーエス,"Setagaya City, Japan",https://stackoverflow.com/jobs/393416
即日スタート/交通費全額支給/仮想化環境の運用維持管理業務,株式会社エーティーエス,"Setagaya City, Japan",https://stackoverflow.com/jobs/393415
"Business Consultant SAP SD, MM-PUR, EasyDM",Siemens AG,"Wallisellen, Switzerland",https://stackoverflow.com/jobs/377826
Quality-Conscious PHP Developer in an Agile Company (m/f/d),sgalinski,No office location,https://stackoverflow.com/jobs/283029
即日/大手 交通費支給/Web系システム開発(Ruby),株式会社エーティーエス,"Osaka, Japan",https://stackoverflow.com/jobs/376114
PHP Developer (Wordpress),Faspin Technologies Pvt. Ltd.,"Sahibzada Ajit Singh Nagar, India",https://stackoverflow.com/jobs/382722
名古屋港統一ターミナルシステム開発,株式会社エーティーエス,"Nagoya, Japan",https://stackoverflow.com/jobs/310394
販売管理システムの開発業務,株式会社エーティーエス,"Osaka, Japan",https://stackoverflow.com/jobs/388017
開発案件におけるPM業務,株式会社エーティーエス,"Osaka, Japan",https://stackoverflow.com/jobs/376028
システム運用業務,株式会社エーティーエス,"大阪市, Japan",https://stackoverflow.com/jobs/309753
PHP Developer,Placement Planet,"Ahmedabad, India",https://stackoverflow.com/jobs/385417
即日スタート/交通費全額支給/仮想化環境の運用維持管理業務,株式会社エーティーエス,"Setagaya City, Japan",https://stackoverflow.com/jobs/393416
即日スタート/交通費全額支給/仮想化環境の運用維持管理業務,株式会社エーティーエス,"Setagaya City, Japan",https://stackoverflow.com/jobs/393415
Ingenieur (m/w/d) - Cyber Security,umlaut,"Aachen, Deutschland",https://stackoverflow.com/jobs/368044
システム開発,マンパワーグループ株式会社,"Kawasaki, Japan",https://stackoverflow.com/jobs/383694
WEB制作スタッフ,株式会社オークスピード,"Chiyoda City, Japan",https://stackoverflow.com/jobs/393070
Software Developer,Ascension,"Austin, TX",https://stackoverflow.com/jobs/370921
Software Engineer/ Architect,Daugherty Business Solutions,"Creve Coeur, MO",https://stackoverflow.com/jobs/382530
営業支援システム開発,株式会社エーティーエス,"Itami, Japan",https://stackoverflow.com/jobs/338829
Senior Java Developer (Amazon SaaS),Sellics Marketplace Analytics,"Berlin, Deutschland",https://stackoverflow.com/jobs/363061
"時給3,000円 golang/バックエンドエンジニア",株式会社エーティーエス,"Minato City, Japan",https://stackoverflow.com/jobs/384879
Web Developer,ICS Technologies Pvt Ltd,"Hyderabad, India",https://stackoverflow.com/jobs/332911
Senior PHP Developer,Dotbits,"Hyderabad, India",https://stackoverflow.com/jobs/335298
Quality Engineer - NYC (Mobile & Automation),N26,"New York, NY",https://stackoverflow.com/jobs/350901
Web Developer,Pixelstat eSolutions Development,"Hyderabad, India",https://stackoverflow.com/jobs/323544
Software Architect,Ascension,"Austin, TX",https://stackoverflow.com/jobs/351942
AWS案件/交通費全額/ビックデータ関連サービス開発,株式会社エーティーエス,"Nagoya, Japan",https://stackoverflow.com/jobs/376117
Software Architect,Ascension,"Austin, TX",https://stackoverflow.com/jobs/351942
システム開発,マンパワーグループ株式会社,"福岡市, Japan",https://stackoverflow.com/jobs/310705
"Fullstack Developer - Java, Typescript, Angular",Benify AB,"Göteborg, Sweden",https://stackoverflow.com/jobs/370070
営業支援システム開発,株式会社エーティーエス,"Itami, Japan",https://stackoverflow.com/jobs/338829
高時給 4名募集/交通費支給/Ruby/フロントエンド開発,株式会社エーティーエス,"Chiyoda City, Japan",https://stackoverflow.com/jobs/385893
Full Stack Backend Specialist,Jumbo Supermarkets,"Veghel, Netherlands",https://stackoverflow.com/jobs/377506
即日 Python/交通費支給/画像認識システム開発,株式会社エーティーエス,"Koto City, Japan",https://stackoverflow.com/jobs/391825
開発エンジニア/SE/PG,キャレット合同会社,"Shinjuku City, Japan",https://stackoverflow.com/jobs/364683
開始日相談OK 大手/交通費支給/スマホアプリ開発(PM),株式会社エーティーエス,"Osaka, Japan",https://stackoverflow.com/jobs/389598
即日 交通費支給/C、C++/COBOLコンパイラ製品開発,株式会社エーティーエス,"Kobe, Japan",https://stackoverflow.com/jobs/379352
AWS案件/交通費全額/ビックデータ関連サービス開発,株式会社エーティーエス,"Nagoya, Japan",https://stackoverflow.com/jobs/376117
Software Development Manager,Ascension,"Austin, TX",https://stackoverflow.com/jobs/365655
"時給3,500円 即日~長期/交通費全額/スマホアプリ開発",株式会社エーティーエス,"Shinjuku City, Japan",https://stackoverflow.com/jobs/387306
5名 即日/交通費/Java/新型ドライブエージェント開発,株式会社エーティーエス,"Osaka, Japan",https://stackoverflow.com/jobs/388449
官公庁向けクラウド基盤構築,株式会社エーティーエス,"Osaka, Japan",https://stackoverflow.com/jobs/386687
Webエンジニア,株式会社イマジカデジタルスケープ,"Osaka, Japan",https://stackoverflow.com/jobs/389800
Web Designer & Developer,Webchirpy,"Coimbatore, India",https://stackoverflow.com/jobs/388780
Urgent Hiring Wordpress Developer,eSearch Logix Technologies Pvt Ltd,"Noida, India",https://stackoverflow.com/jobs/389071
即日~長期/交通費/COBOL/料金・契約システムの再構築,株式会社エーティーエス,"Shibuya City, Japan",https://stackoverflow.com/jobs/384599
有名企業にてECサイト開発業務,株式会社エーティーエス,"Amagasaki, Japan",https://stackoverflow.com/jobs/332063
Wordpress Developer,Aves Infotech,"Kochi, India",https://stackoverflow.com/jobs/323977
即日スタート/C#/SQL/交通費支給 ICカード開発支援,株式会社エーティーエス,"Minato City, Japan",https://stackoverflow.com/jobs/387320
2名募集 即日/交通費全額/次世代プラットホームの開発支援,株式会社エーティーエス,"Chiyoda City, Japan",https://stackoverflow.com/jobs/387316
"時給3,100円 即日~/Java/システムリプレース対応",株式会社エーティーエス,"Minato City, Japan",https://stackoverflow.com/jobs/387311
"時給3,100円 即日/Python/営業支援システム開発",株式会社エーティーエス,"Minato City, Japan",https://stackoverflow.com/jobs/387257
図面管理システムの保守運用,株式会社エーティーエス,"Kobe, Japan",https://stackoverflow.com/jobs/353480
PHP Developer (Yii / WordPress / AngularJs),GTCSYS,"Ahmedabad, India",https://stackoverflow.com/jobs/329793
即日 交通費支給/C、C++/COBOLコンパイラ製品開発,株式会社エーティーエス,"Kobe, Japan",https://stackoverflow.com/jobs/379352
Quality Assurance Developer,IBKR,"Mumbai, India",https://stackoverflow.com/jobs/386387
"時給3,900円 交通費全額支給 iOSアプリ開発業務",株式会社エーティーエス,"Chuo City, Japan",https://stackoverflow.com/jobs/385988
"時給3,500円 即日~長期/交通費全額/スマホアプリ開発",株式会社エーティーエス,"Shinjuku City, Japan",https://stackoverflow.com/jobs/387306
テスト業務,株式会社エーティーエス,"Suita, Japan",https://stackoverflow.com/jobs/356811
PHP Developer,Vgyan IT Services,"Hyderabad, India",https://stackoverflow.com/jobs/323462
Game Data Analyst,PeopleFun,"Richardson, TX",https://stackoverflow.com/jobs/370179
PHP Developer,DREAM & MAGIC MEDIA,"Bengaluru, India",https://stackoverflow.com/jobs/324630
アプリケーション開発,株式会社エーティーエス,"Osaka, Japan",https://stackoverflow.com/jobs/331554
Automation Testing,technosoft corporation,"Hyderabad, India",https://stackoverflow.com/jobs/379912
即日~長期/交通費/COBOL/料金・契約システムの再構築,株式会社エーティーエス,"Shibuya City, Japan",https://stackoverflow.com/jobs/384599
PHP Developer,Dvdasjobs,"Surat, India",https://stackoverflow.com/jobs/374169
C#プログラマー(自社システム開発),株式会社パソナテック,"Yokohama, Japan",https://stackoverflow.com/jobs/377616
Senior iOS developer (New App),Mindvalley,"Kuala Lumpur, Malaysia",https://stackoverflow.com/jobs/390881
ファイルサーバのテスト業務,株式会社エーティーエス,"Yokohama, Japan",https://stackoverflow.com/jobs/376192
Machine Learning Engineer - AI Team,LanguageWire,"Frederiksberg, Denmark",https://stackoverflow.com/jobs/387384
オンラインショップにおけるPM業務,株式会社エーティーエス,"千代田区, Japan",https://stackoverflow.com/jobs/378620
高時給 即日or6月/Java/移動体5GCシステム開発,株式会社エーティーエス,"Kawasaki, Japan",https://stackoverflow.com/jobs/384613
PHP Wordpress Developer,Rudr Consultancy Services,"Ahmedabad, India",https://stackoverflow.com/jobs/382186
即日 大手企業 交通費支給/製造業向けWebシステム開発,株式会社エーティーエス,"Kobe, Japan",https://stackoverflow.com/jobs/375619
Full Time Wordpress Web Developer & Designer,Broadcast SEO,"Mumbai, India",https://stackoverflow.com/jobs/392437
Critical Facility Engineer,Facebook,"Luleå, Sweden",https://stackoverflow.com/jobs/379319
即日OK 期間限定 交通費支給/サーバアプリ機能開発業務,株式会社エーティーエス,"Osaka, Japan",https://stackoverflow.com/jobs/378129
Senior Java Developer,Ascension,"St. Louis, MO",https://stackoverflow.com/jobs/354461
C#プログラマー(自社システム開発),株式会社パソナテック,"Yokohama, Japan",https://stackoverflow.com/jobs/377616
Full Time Wordpress Web Developer & Designer,Broadcast SEO,"Mumbai, India",https://stackoverflow.com/jobs/392437
即日OK 期間限定 交通費支給/サーバアプリ機能開発業務,株式会社エーティーエス,"Osaka, Japan",https://stackoverflow.com/jobs/378129
ファイルサーバのテスト業務,株式会社エーティーエス,"Yokohama, Japan",https://stackoverflow.com/jobs/376192
"時給3,600円 即日~/ECアプリ開発(Android)",株式会社エーティーエス,"Ogawa, Japan",https://stackoverflow.com/jobs/384242
6月 交通費 WinActor/RPAロボット開発・保守,株式会社エーティーエス,"Osaka, Japan",https://stackoverflow.com/jobs/384203
Webディレクター,株式会社イマジカデジタルスケープ,"Osaka, Japan",https://stackoverflow.com/jobs/384618
高時給 即日or6月/Java/移動体5GCシステム開発,株式会社エーティーエス,"Kawasaki, Japan",https://stackoverflow.com/jobs/384613
2~3名募集 即日 交通費支給/iOSネイティブアプリ開発,株式会社エーティーエス,"Osaka, Japan",https://stackoverflow.com/jobs/376417
即日 大手企業 交通費支給/製造業向けWebシステム開発,株式会社エーティーエス,"Kobe, Japan",https://stackoverflow.com/jobs/375619
Joomla and WordPress Developer,TechUnity Software Systems India Pvt Ltd,"Coimbatore, India",https://stackoverflow.com/jobs/388778
即日スタート/10時始業/交通費 システム・ECサイト開発,株式会社エーティーエス,"Osaka, Japan",https://stackoverflow.com/jobs/382114
【インターンシップ】 デザイナー,シクロマーケティング株式会社,"Chiyoda City, Japan",https://stackoverflow.com/jobs/382627
各種分析システムの計算機・ソフトウェアの設定,株式会社エーティーエス,"神戸市, Japan",https://stackoverflow.com/jobs/357083
SE,株式会社パネイル,"Tokyo, Japan",https://stackoverflow.com/jobs/343337
"時給3,200円 週3日~相談可 サーバーサイドエンジニア",株式会社エーティーエス,"Chuo City, Japan",https://stackoverflow.com/jobs/382637
正社員 東証一部上場/運輸企業でのIT基盤アーキテクト,株式会社エーティーエス,"Chuo City, Japan",https://stackoverflow.com/jobs/391811
道路情報サーバアプリ開発,株式会社エーティーエス,"Nagoya, Japan",https://stackoverflow.com/jobs/317711
サーバサイド開発,株式会社エーティーエス,"Shibuya City, Japan",https://stackoverflow.com/jobs/310146
ビジネススクール　WEBサイト・ディレクション担当,グロービス,"Osaka, Japan",https://stackoverflow.com/jobs/345776
Android Developer,YML,"Bengaluru, India",https://stackoverflow.com/jobs/367722
車両走行情報を活用したツール開発,株式会社エーティーエス,"Nagoya, Japan",https://stackoverflow.com/jobs/340327
PHP Developers,Umenit,"Noida, India",https://stackoverflow.com/jobs/383775
PHP Developer (Sec-10 Faridabad),Manav Management Group,"Faridabad, India",https://stackoverflow.com/jobs/326520
Senior Java Developer,Ascension,"St. Louis, MO",https://stackoverflow.com/jobs/354461
AngularJS Developer,Prowess India,"Mumbai, India",https://stackoverflow.com/jobs/392444
プロジェクトマネージャーのお仕事,株式会社エーティーエス,"Saitama, Japan",https://stackoverflow.com/jobs/337957
大手企業の正社員or契約社員/各サービスのエンジニア募集,株式会社エーティーエス,"Minato City, Japan",https://stackoverflow.com/jobs/392564
機暦管理システムの改修(Java),株式会社エーティーエス,"Takarazuka, Japan",https://stackoverflow.com/jobs/359969
2名 即日/交通費/Java/アプリ品質強化対応(開発),株式会社エーティーエス,"Shinjuku City, Japan",https://stackoverflow.com/jobs/393411
"PHP Developer - Kolkata, India",ZINFI SOFTWARE SYSTEMS,"Kolkata, India",https://stackoverflow.com/jobs/326981
Web系エンジニア 研修有 プログラマー Java,トライアロー株式会社,"Sendai, Japan",https://stackoverflow.com/jobs/344946
Senior Business Systems Analyst,vaēso,"Miami, FL",https://stackoverflow.com/jobs/290933
Java Engineer,trivago N.V,"Düsseldorf, Germany",https://stackoverflow.com/jobs/391659
サーバサイド開発,株式会社エーティーエス,"Shibuya City, Japan",https://stackoverflow.com/jobs/310146
"時給4,400円 3名/Java/業務アプリケーション開発",株式会社エーティーエス,"Setagaya City, Japan",https://stackoverflow.com/jobs/393421
ビジネススクール　WEBサイト・ディレクション担当,グロービス,"Osaka, Japan",https://stackoverflow.com/jobs/345776
"時給3,000円 2名 交通費全額/決済システム機能改善対応",株式会社エーティーエス,"Kyoto, Japan",https://stackoverflow.com/jobs/389680
サーバ/NWエンジニア,株式会社エーティーエス,"Kyoto, Japan",https://stackoverflow.com/jobs/337958
"時給3,500円 即日/Java/バックエンドサービス開発",株式会社エーティーエス,"Setagaya City, Japan",https://stackoverflow.com/jobs/393417
PHP Developer (Sec-10 Faridabad),Manav Management Group,"Faridabad, India",https://stackoverflow.com/jobs/326520
PHP Developers,Umenit,"Noida, India",https://stackoverflow.com/jobs/383775
3名 即日~長期 交通費支給/基幹システムの改善(Java),株式会社エーティーエス,"Osaka, Japan",https://stackoverflow.com/jobs/392535
インフラ構築業務,株式会社エーティーエス,"Kawasaki, Japan",https://stackoverflow.com/jobs/376726
ソーシャルサービスの開発,株式会社エーティーエス,"Setagaya City, Japan",https://stackoverflow.com/jobs/343328
4名募集 正社員/大手企業 アーキテクチャの設計・構築,株式会社エーティーエス,"Shinjuku City, Japan",https://stackoverflow.com/jobs/388414
3名募集 即日~長期/交通費全額 SNSのサーバサイド開発,株式会社エーティーエス,"Shinjuku City, Japan",https://stackoverflow.com/jobs/388423
Front End Web Developer,iTumm India,"Secunderabad, India",https://stackoverflow.com/jobs/323536
PHP/Drupal Developer (1-5yrs),Ieverware,"Hyderabad, India",https://stackoverflow.com/jobs/370319
Senior C# Engineer,Homesnap,"Bethesda, MD",https://stackoverflow.com/jobs/234047
4名募集 正社員/大手企業 アーキテクチャの設計・構築,株式会社エーティーエス,"Shinjuku City, Japan",https://stackoverflow.com/jobs/388414
3名募集 即日~長期/交通費全額 SNSのサーバサイド開発,株式会社エーティーエス,"Shinjuku City, Japan",https://stackoverflow.com/jobs/388423
Front End Web Developer,iTumm India,"Secunderabad, India",https://stackoverflow.com/jobs/323536
"高時給3,200円 即日/交通費支給/プラットフォーム開発",株式会社エーティーエス,"Setagaya City, Japan",https://stackoverflow.com/jobs/383362
オーケストレータシステム開発,株式会社エーティーエス,"Shinagawa City, Japan",https://stackoverflow.com/jobs/376001
システムエンジニア・プログラマー,株式会社千手Soft,"Chiba, Japan",https://stackoverflow.com/jobs/387241
Sr Executive,Hinduja Global Solutions,"Bengaluru, India",https://stackoverflow.com/jobs/392336
3名 即日~長期 交通費支給/基幹システムの改善(Java),株式会社エーティーエス,"Osaka, Japan",https://stackoverflow.com/jobs/392536
Data Engineer,NAVIS,"Bend, OR",https://stackoverflow.com/jobs/362699
Wordpress Developer,WorkLooper Consultants Pvt. Ltd.,"Noida, India",https://stackoverflow.com/jobs/387839
"Senior Security Engineer, Infrastructure",N26,"New York, NY",https://stackoverflow.com/jobs/351326
PHP/Drupal Developer (1-5yrs),Ieverware,"Hyderabad, India",https://stackoverflow.com/jobs/370319
システム管理業務支援,株式会社エーティーエス,"Fujimi, Japan",https://stackoverflow.com/jobs/378860
Critical Facility Engineer,Facebook,"Altoona, IA",https://stackoverflow.com/jobs/379326
WORDPRESS DEVELOPER REQUIRED URGENTLY IN HORAMAVU BANASWADI BANGALORE,Offload Process Private Limited,"Bengaluru, India",https://stackoverflow.com/jobs/392280
複数名募集 即日/交通費全額支給 システム開発(C#),株式会社エーティーエス,"Chiyoda City, Japan",https://stackoverflow.com/jobs/392846
CMS (Drupal/WordPress/Joomla/Magento) Developer,iPowerFour,"Hyderabad, India",https://stackoverflow.com/jobs/322807
Software Architect (Mobile),Ascension,"St. Louis, MO",https://stackoverflow.com/jobs/368266
コーダー,アイテック阪急阪神株式会社,"Osaka, Japan",https://stackoverflow.com/jobs/383182
即日 交通費/駅近/体調管理アプリ開発およびテストサポート,株式会社エーティーエス,"Shinjuku City, Japan",https://stackoverflow.com/jobs/379450
開発ジュニア・エンジニア(翻訳支援ツール),株式会社ロゼッタ,"Shinjuku City, Japan",https://stackoverflow.com/jobs/357598
PHPエンジニア募集,株式会社エーティーエス,"大阪市, Japan",https://stackoverflow.com/jobs/375709
Webデザイナー,株式会社イマジカデジタルスケープ,"Nagoya, Japan",https://stackoverflow.com/jobs/383339
即日~/6名募集/交通費全額/ビックデータ基盤システム開発,株式会社エーティーエス,"Minato City, Japan",https://stackoverflow.com/jobs/375700
生命保険会社向けRPA導入支援,株式会社エーティーエス,"Osaka, Japan",https://stackoverflow.com/jobs/379518
C、C++、VB、Java、.NET、COBOL、PL/I、アセンブラ、SQL、Perl、PHP、Pythonプログラマー,コスモテクノス株式会社,"Shinjuku City, Japan",https://stackoverflow.com/jobs/369833
Head of Product Marketing,FINBOURNE Technology,"London, UK",https://stackoverflow.com/jobs/383835
即日 交通費/駅近/体調管理アプリ開発およびテストサポート,株式会社エーティーエス,"Shinjuku City, Japan",https://stackoverflow.com/jobs/379450
データ分析基盤の開発保守,株式会社エーティーエス,"Oita, Japan",https://stackoverflow.com/jobs/376462
会計管理システムの開発,株式会社エーティーエス,"Setagaya City, Japan",https://stackoverflow.com/jobs/376017
コーダー,アイテック阪急阪神株式会社,"Osaka, Japan",https://stackoverflow.com/jobs/383182
CMS (Drupal/WordPress/Joomla/Magento) Developer,iPowerFour,"Hyderabad, India",https://stackoverflow.com/jobs/322807
ITエンジニア(宮崎),株式会社オロ,"Miyazaki, Japan",https://stackoverflow.com/jobs/364409
.Net Developer,SAP,"Belgrade, Serbia",https://stackoverflow.com/jobs/393297
Senior Java Developer,Vitrana,"Bengaluru, India",https://stackoverflow.com/jobs/340114
2名募集 即日/交通費支給/Java/業務支援ツール作成,株式会社エーティーエス,"Koto City, Japan",https://stackoverflow.com/jobs/388460
Python+ Hadoop Developer,forstaffing india,"Mumbai, India",https://stackoverflow.com/jobs/359793
Webデザイナー,アイテック阪急阪神株式会社,"Osaka, Japan",https://stackoverflow.com/jobs/328541
大手メーカー向け業務システム開発,株式会社エーティーエス,"Kobe, Japan",https://stackoverflow.com/jobs/345618
Webアプリ開発(Ruby),株式会社エーティーエス,"Shibuya City, Japan",https://stackoverflow.com/jobs/318254
Frontend Developer to Halebop,Telia Company,"Solna, Sweden",https://stackoverflow.com/jobs/380059
"時給3,300円 6月/Java/パッケージソフト保守開発",株式会社エーティーエス,"Shibuya City, Japan",https://stackoverflow.com/jobs/387308
システム開発(PHP),株式会社エーティーエス,"Osaka, Japan",https://stackoverflow.com/jobs/333540
Senior PHP Developer,Gyan Websolutions,"Hyderabad, India",https://stackoverflow.com/jobs/330868
Webデザイナー,株式会社イマジカデジタルスケープ,"Osaka, Japan",https://stackoverflow.com/jobs/386628
東比恵駅|システムエンジニア経験者募集 年間休日120日以上 退職金制度あり 長期休暇取得もOK |社内SE,株式会社システック井上 福岡営業所,"Fukuoka, Japan",https://stackoverflow.com/jobs/393439
"時給3,500円 即日開始 銀行向けシステム開発(Java)",株式会社エーティーエス,"Minato City, Japan",https://stackoverflow.com/jobs/389168
プログラマー・SE,株式会社タイロス,"Fuchu, Japan",https://stackoverflow.com/jobs/345754
ネットバンク勘定系システム更改,株式会社エーティーエス,"Kawasaki, Japan",https://stackoverflow.com/jobs/375912
モバイルアプリエンジニア(Android),株式会社エーティーエス,"Shibuya City, Japan",https://stackoverflow.com/jobs/317159
Webデザイナー,株式会社イマジカデジタルスケープ,"Osaka, Japan",https://stackoverflow.com/jobs/386628
プラットフォームのサービス運用,株式会社エーティーエス,"Setagaya City, Japan",https://stackoverflow.com/jobs/310080
プログラマー・SE,株式会社タイロス,"Fuchu, Japan",https://stackoverflow.com/jobs/345754
モバイル系システムエンジニア募集,株式会社エーティーエス,"Osaka, Japan",https://stackoverflow.com/jobs/333515
HTMLコーダー,株式会社クレアネット,"Osaka, Japan",https://stackoverflow.com/jobs/310595
建機向けIOTシステム開発,株式会社エーティーエス,"Osaka, Japan",https://stackoverflow.com/jobs/329260
オープンエントリー エンジニア職,株式会社エーティーエス,"Shibuya City, Japan",https://stackoverflow.com/jobs/309998
即日/交通費支給/Python/ツール開発支援業務,株式会社エーティーエス,"Suginami City, Japan",https://stackoverflow.com/jobs/386243
大手メーカー向け業務システム開発,株式会社エーティーエス,"Kobe, Japan",https://stackoverflow.com/jobs/345618
プログラマ,株式会社イマジカデジタルスケープ,"Yokohama, Japan",https://stackoverflow.com/jobs/367814
ゲームサーバ共通基盤の開発,株式会社エーティーエス,"Shibuya City, Japan",https://stackoverflow.com/jobs/311430
C、C++、アセンブラ、SQLを扱うプログラマー/基本残業なし,コスモテクノス株式会社,"Shinjuku City, Japan",https://stackoverflow.com/jobs/369876
Salesforce Developer,Mirketa,"Noida, India",https://stackoverflow.com/jobs/342721
Database Specialist,Mindvalley,"Kuala Lumpur, Malaysia",https://stackoverflow.com/jobs/390878
即日 朝遅め Java/交通費支給/金融系開発テスト支援,株式会社エーティーエス,"Shinagawa City, Japan",https://stackoverflow.com/jobs/393160
Data Scientist Intern Job,Dasceq,"Bengaluru, India",https://stackoverflow.com/jobs/346899
即日スタート/長期/交通費/総合テスト支援業務(Java),株式会社エーティーエス,"Shinjuku City, Japan",https://stackoverflow.com/jobs/375764
ネットバンク勘定系システム更改,株式会社エーティーエス,"Kawasaki, Japan",https://stackoverflow.com/jobs/375912
基幹システムの刷新業務,株式会社エーティーエス,"Osaka, Japan",https://stackoverflow.com/jobs/385818
"時給3,500円 6月/交通費全額/サーバリプレース対応",株式会社エーティーエス,"Shinagawa City, Japan",https://stackoverflow.com/jobs/392683
"Director, Software Development (Personalization)",Audible,"Newark, NJ",https://stackoverflow.com/jobs/381725
Linux Cloud Support Engineer (EMEA located),Platform.sh,No office location,https://stackoverflow.com/jobs/387828
"Project Manager, Global Data Center Connectivity",Facebook,"Prineville, OR",https://stackoverflow.com/jobs/370836
Junior Integratie Specialist,ChipSoft,"Amsterdam, Netherlands",https://stackoverflow.com/jobs/374033
Full Stack Developer,Ascension,"Chicago, IL",https://stackoverflow.com/jobs/371226
製造業向けパッケージ改修(Java),株式会社エーティーエス,"Akashi, Japan",https://stackoverflow.com/jobs/338828
プログラマ,株式会社イマジカデジタルスケープ,"Yokohama, Japan",https://stackoverflow.com/jobs/367814
システム開発,マンパワーグループ株式会社,"Osaka, Japan",https://stackoverflow.com/jobs/366306
Senior Technical Web Analyst,Legal & General,"Cardiff, UK",https://stackoverflow.com/jobs/369604
"Director, Product Management",Audible,"Newark, NJ",https://stackoverflow.com/jobs/374563
Webディレクター,アイテック阪急阪神株式会社,"Osaka, Japan",https://stackoverflow.com/jobs/383189
Salesforce Developer,Mirketa,"Noida, India",https://stackoverflow.com/jobs/342721
販売管理システム機能追加開発(Java),株式会社エーティーエス,"Nagoya, Japan",https://stackoverflow.com/jobs/341489
基幹システム開発/Java,株式会社エーティーエス,"Osaka, Japan",https://stackoverflow.com/jobs/309769
SE,特許業務法人酒井国際特許事務所,"Chiyoda City, Japan",https://stackoverflow.com/jobs/391917
"時給3,500円 6月/交通費全額/サーバリプレース対応",株式会社エーティーエス,"Shinagawa City, Japan",https://stackoverflow.com/jobs/392683
高時給 7名/交通費/Java/クレジット基幹システム開発,株式会社エーティーエス,,https://stackoverflow.com/jobs/389469
"高時給3,200円 交通費/Java/アプリケーション開発",株式会社エーティーエス,"Tama, Japan",https://stackoverflow.com/jobs/391821
"高時給3,500円 交通費全額/レシート報酬サービスの開発",株式会社エーティーエス,"Setagaya City, Japan",https://stackoverflow.com/jobs/392567
Java Developer,Mirketa,"Noida, India",https://stackoverflow.com/jobs/342720
"時給3,300円 C#/6月/ウェアラブル医療機器の開発",株式会社エーティーエス,"Tachikawa, Japan",https://stackoverflow.com/jobs/391914
医療機器メーカー向けアプリ開発,株式会社エーティーエス,"蒲郡市, Japan",https://stackoverflow.com/jobs/321910
フロントエンドエンジニア,株式会社イマジカデジタルスケープ,"Osaka, Japan",https://stackoverflow.com/jobs/391205
産業機器の開発業務/C言語,株式会社エーティーエス,"Takarazuka, Japan",https://stackoverflow.com/jobs/345602
6月開始 交通費全額支給 Java/契約管理システム保守,株式会社エーティーエス,"Shinagawa City, Japan",https://stackoverflow.com/jobs/387785
正社員募集 2名 東証一部/Javaアプリケーション開発,株式会社エーティーエス,"Shinjuku City, Japan",https://stackoverflow.com/jobs/389167
Rubyエンジニア(研究開発チーム) / インターネット/Webサービス・ASP,株式会社 LegalForce,"Chiyoda City, Japan",https://stackoverflow.com/jobs/336265
社内SE,株式会社イマジカデジタルスケープ,"Chiyoda City, Japan",https://stackoverflow.com/jobs/388754
テクニカルディレクター,株式会社FROM JAPAN,"Oita, Japan",https://stackoverflow.com/jobs/388729
Principal iOS Engineer (Mobile SDK),Backbase,"Amsterdam, Netherlands",https://stackoverflow.com/jobs/380067
"高時給3,200円 交通費/Java/アプリケーション開発",株式会社エーティーエス,"Tama, Japan",https://stackoverflow.com/jobs/391821
"高時給3,500円 交通費全額/レシート報酬サービスの開発",株式会社エーティーエス,"Setagaya City, Japan",https://stackoverflow.com/jobs/392567
コーダー,株式会社イマジカデジタルスケープ,"Kobe, Japan",https://stackoverflow.com/jobs/380963
機械設計オペレーター,株式会社プロサポート,"Nagoya, Japan",https://stackoverflow.com/jobs/387022
アナリスト(データストラテジスト) / インターネット/Webサービス・ASP,株式会社 エクスペリエンス,"Osaka, Japan",https://stackoverflow.com/jobs/310659
Webプログラマ,株式会社イマジカデジタルスケープ,"Osaka, Japan",https://stackoverflow.com/jobs/383309
SE,株式会社KDDIｳｪﾌﾞｺﾐｭﾆｹｰｼｮﾝｽﾞ,"Minato City, Japan",https://stackoverflow.com/jobs/383220
正社員募集 2名 東証一部/Javaアプリケーション開発,株式会社エーティーエス,"Shinjuku City, Japan",https://stackoverflow.com/jobs/389167
Rubyエンジニア / インターネット/Webサービス・ASP,株式会社 LegalForce,"Chiyoda City, Japan",https://stackoverflow.com/jobs/337341
総合医療システムエンジニア(社内SE),上尾中央医科グループ(AMG) 白岡中央総合病院,"Shiraoka, Japan",https://stackoverflow.com/jobs/385885
高時給 2名/英語スキル/メッセージ配信システム設計・開発,株式会社エーティーエス,"Setagaya City, Japan",https://stackoverflow.com/jobs/386309
Perl、PHP、Python、SQLを扱う金融系SE(残業少な目、プライベート充実),コスモテクノス株式会社,"Shinjuku City, Japan",https://stackoverflow.com/jobs/369834
Java,トライアロー株式会社,"Sendai, Japan",https://stackoverflow.com/jobs/363848
Perl、PHP、Python、SQLを扱うプログラマー/基本残業なし,コスモテクノス株式会社,"Shinjuku City, Japan",https://stackoverflow.com/jobs/369831
Perl、PHP、Python、SQLを扱う汎用系SE(40代50代活躍),コスモテクノス株式会社,"Shinjuku City, Japan",https://stackoverflow.com/jobs/369832
高時給 英語/交通費/Webアプリエンジニア(PHP),株式会社エーティーエス,"Setagaya City, Japan",https://stackoverflow.com/jobs/384671
ネットワーク品質管理 (ソフトウェア開発会社),株式会社スタッフサービス,"Kagoshima, Japan",https://stackoverflow.com/jobs/319206
社員登用 土日休:IT事務・システムエンジニア/SE,株式会社ワールド避雷針工業,"Koto City, Japan",https://stackoverflow.com/jobs/392550
ユーザーサポート・ヘルプデスク,株式会社トラウム,"Nagaokakyo, Japan",https://stackoverflow.com/jobs/376736
中国語を活かす 高時給/上流工程でのプロデューサー業務,株式会社エーティーエス,"Osaka, Japan",https://stackoverflow.com/jobs/369872
Business Analyst,"Vertex Computer Systems, Inc.","Charlotte, NC",https://stackoverflow.com/jobs/353786
システム改修・テスト環境運用,株式会社エーティーエス,"Osaka, Japan",https://stackoverflow.com/jobs/345768
即日開始/交通費支給/C言語/車両向けインターフェース開発,株式会社エーティーエス,"Kobe, Japan",https://stackoverflow.com/jobs/381554
Game Programmer - Join a leading hypercasual studio and work on your own games!,kwalee Ltd,"Royal Leamington Spa, UK",https://stackoverflow.com/jobs/343770
Scrum Master,Ascension,"Austin, TX",https://stackoverflow.com/jobs/365647
ネットワーク品質管理 (ソフトウェア開発会社),株式会社スタッフサービス,"Kagoshima, Japan",https://stackoverflow.com/jobs/319206
Windowsのアプリ開発(C#),株式会社エーティーエス,"Kawasaki, Japan",https://stackoverflow.com/jobs/317361
グループ会社を支える社内PG(年間休日123日の土日祝休み・株式会社ゲオホールディングス),スミリンビジネスサービス株式会社,"Nagoya, Japan",https://stackoverflow.com/jobs/352943
システム改修・テスト環境運用,株式会社エーティーエス,"Osaka, Japan",https://stackoverflow.com/jobs/345768
Chief Architect (Remote),Impala,No office location,https://stackoverflow.com/jobs/375334
Webアプリ開発業務,株式会社スターワークス,"Chiyoda City, Japan",https://stackoverflow.com/jobs/369194
プロジェクトマネージャー,株式会社イマジカデジタルスケープ,"Shibuya City, Japan",https://stackoverflow.com/jobs/383225
WEBアソシエイトアートディレクターアートディレクター関西勤務あらゆる媒体のクリエイティブを創出しています,株式会社プロフェッショナルメディア,"Osaka, Japan",https://stackoverflow.com/jobs/340517
Webプログラマ,株式会社イマジカデジタルスケープ,"Osaka, Japan",https://stackoverflow.com/jobs/315438
Angular Specialist,Benify,"Göteborg, Sweden",https://stackoverflow.com/jobs/370704
Webエンジニア,株式会社イマジカデジタルスケープ,"Osaka, Japan",https://stackoverflow.com/jobs/381594
Front End Developer,Ascension,"Chicago, IL",https://stackoverflow.com/jobs/388334
Apps Systems Engineer 6,WELLS FARGO BANK,"Hyderabad, India",https://stackoverflow.com/jobs/392077
フロントエンドエンジニア,株式会社ステークホルダーコム,"大阪市, Japan",https://stackoverflow.com/jobs/332034
Scrum Master,Ascension,"St. Louis, MO",https://stackoverflow.com/jobs/379300
【インターンシップ】 ゲームエンジニアの実戦経験が積める1000万ユーザーが遊ぶ人気ゲームを現場社員と一緒に作る,株式会社Donuts,"Shibuya City, Japan",https://stackoverflow.com/jobs/309575
ゲームエンジニアの実戦経験が積める!1000万ユーザーが遊ぶ人気ゲームを現場社員と一緒に作るインターン募集!,株式会社Donuts,"Shibuya City, Japan",https://stackoverflow.com/jobs/309525
社員登用 土日休:IT事務・システムエンジニア/SE,株式会社ワールド避雷針工業,"Shinagawa City, Japan",https://stackoverflow.com/jobs/356000
SRE(研究開発チーム) / インターネット/Webサービス・ASP,株式会社 LegalForce,"Chiyoda City, Japan",https://stackoverflow.com/jobs/335752
Technical Consultant,Assa Abloy,"Bengaluru, India",https://stackoverflow.com/jobs/331425
社員登用 土日休:IT事務・システムエンジニア/SE,株式会社ワールド避雷針工業,"Chiyoda City, Japan",https://stackoverflow.com/jobs/340786
Webデザイナー・HTMLコーダー[兼務],株式会社オールドオフィス,"Kobe, Japan",https://stackoverflow.com/jobs/376345
Technology Management Leader,"Ideal Concepts, Inc.","Allentown, PA",https://stackoverflow.com/jobs/378500
Scrum Master,Ascension,"Chicago, IL",https://stackoverflow.com/jobs/359158
Java Developer,Deloitte Digital,"London, UK",https://stackoverflow.com/jobs/391966
データアナリスト,株式会社エム・フィールド,"Shinagawa City, Japan",https://stackoverflow.com/jobs/310379
【インターンシップ】ゲーム IT/ソフトウェア,株式会社Donuts,"Kyoto, Japan",https://stackoverflow.com/jobs/346719
SE,株式会社イマジカデジタルスケープ,"Osaka, Japan",https://stackoverflow.com/jobs/378126
社内SE,株式会社イマジカデジタルスケープ,"Osaka, Japan",https://stackoverflow.com/jobs/380969
SE,株式会社イマジカデジタルスケープ,"Osaka, Japan",https://stackoverflow.com/jobs/383187
Webデザイナー/美容・ヘルスケアに関する自社サービスを展開 / インターネット/Webサービス・ASP,株式会社 リジョブ,"Toshima City, Japan",https://stackoverflow.com/jobs/318133
サーバエンジニア,株式会社イマジカデジタルスケープ,"Shinjuku City, Japan",https://stackoverflow.com/jobs/349690
大手ソーシャルゲーム会社【ゲームその他】,株式会社イマジカデジタルスケープ,"Shibuya City, Japan",https://stackoverflow.com/jobs/344191
システム開発(オープン・WEB・モバイル),大化物流開発合同会社,"Osaka, Japan",https://stackoverflow.com/jobs/333522
プロジェクトマネージャー,株式会社イマジカデジタルスケープ,"Osaka, Japan",https://stackoverflow.com/jobs/378127
CONTENT MARKETING MANAGER,Flintobox,"Chennai, India",https://stackoverflow.com/jobs/322626
